time,X_value,Y_value,Z_value
0.000,0.00000,0.00000,0.00000
0.000,-0.04787,0.04118,9.80645
0.272,-0.04804,0.04113,9.80645
0.421,-0.04816,0.04113,9.80645
0.796,-0.04838,0.04115,9.80644
0.826,-0.04852,0.04111,9.80644
0.863,-0.04862,0.04111,9.80644
0.902,-0.04870,0.04103,9.80644
0.926,-0.04896,0.04101,9.80644
0.942,-0.04927,0.04098,9.80644
0.967,-0.04951,0.04089,9.80644
0.983,-0.04976,0.04091,9.80644
1.002,-0.04985,0.04090,9.80644
1.032,-0.05004,0.04080,9.80644
1.053,-0.05023,0.04069,9.80644
2.076,-0.05033,0.04067,9.80644
2.152,-0.05045,0.04053,9.80644
2.427,-0.05037,0.04043,9.80644
2.446,-0.05020,0.04026,9.80644
2.473,-0.05016,0.04016,9.80644
3.507,-0.05021,0.04006,9.80644
4.947,-0.05019,0.03996,9.80644
4.970,-0.05017,0.03985,9.80644
5.376,-0.05010,0.03982,9.80644
5.686,-0.05000,0.03990,9.80644
8.146,-0.04978,0.03999,9.80644
8.906,-0.04956,0.03999,9.80644
8.938,-0.04937,0.03992,9.80644
10.146,-0.04931,0.03983,9.80645
12.037,-0.04924,0.03977,9.80645
12.055,-0.04910,0.03955,9.80645
12.227,-0.04893,0.03948,9.80645
12.253,-0.04863,0.03947,9.80645
12.267,-0.04840,0.03951,9.80645
12.304,-0.04820,0.03953,9.80645
12.325,-0.04796,0.03953,9.80645
12.343,-0.04777,0.03958,9.80645
12.636,-0.04772,0.03949,9.80645
15.556,-0.04776,0.03961,9.80645
16.816,-0.04777,0.03978,9.80645
16.838,-0.04773,0.04001,9.80645
16.872,-0.04770,0.04009,9.80645
17.274,-0.04782,0.04007,9.80645
18.967,-0.04791,0.04012,9.80645
19.606,-0.04795,0.04001,9.80645
20.427,-0.04788,0.03994,9.80645
21.004,-0.04779,0.03988,9.80645
21.023,-0.04763,0.03977,9.80645
21.046,-0.04756,0.03970,9.80645
21.316,-0.04757,0.03958,9.80645
21.526,-0.04757,0.03946,9.80645
21.546,-0.04756,0.03926,9.80646
22.736,-0.04768,0.03928,9.80646
22.764,-0.04797,0.03935,9.80645
22.774,-0.04820,0.03941,9.80645
23.007,-0.04812,0.03930,9.80645
23.927,-0.04821,0.03935,9.80645
25.416,-0.04823,0.03925,9.80645
26.327,-0.04837,0.03914,9.80645
26.476,-0.04846,0.03909,9.80645
28.747,-0.04849,0.03898,9.80645
31.350,-0.04848,0.03908,9.80645
31.377,-0.04856,0.03917,9.80645
31.846,-0.04853,0.03933,9.80645
32.156,-0.04837,0.03948,9.80645
33.007,-0.04847,0.03944,9.80645
33.684,-0.04848,0.03954,9.80645
34.084,-0.04845,0.03945,9.80645
34.229,-0.04853,0.03949,9.80645
34.387,-0.04843,0.03949,9.80645
34.607,-0.04834,0.03952,9.80645
35.034,-0.04827,0.03960,9.80645
35.061,-0.04821,0.03969,9.80645
35.097,-0.04811,0.03992,9.80645
35.098,-0.04797,0.04017,9.80645
35.118,-0.04788,0.04022,9.80645
35.132,-0.04773,0.04039,9.80645
35.215,-0.04771,0.04049,9.80645
35.667,-0.04759,0.04061,9.80645
35.794,-0.04750,0.04065,9.80645
36.107,-0.04741,0.04072,9.80645
36.125,-0.04733,0.04080,9.80645
36.148,-0.04724,0.04085,9.80645
36.436,-0.04719,0.04094,9.80645
36.503,-0.04711,0.04103,9.80645
36.522,-0.04698,0.04119,9.80645
36.553,-0.04691,0.04125,9.80645
37.648,-0.04680,0.04119,9.80645
38.336,-0.04670,0.04118,9.80645
38.360,-0.04650,0.04122,9.80645
38.373,-0.04629,0.04121,9.80645
38.638,-0.04620,0.04131,9.80645
38.665,-0.04599,0.04145,9.80645
38.672,-0.04580,0.04154,9.80646
39.887,-0.04575,0.04145,9.80646
43.409,-0.04582,0.04138,9.80646
43.445,-0.04601,0.04134,9.80645
48.449,-0.04608,0.04143,9.80645
48.877,-0.04599,0.04136,9.80645
49.243,-0.04597,0.04147,9.80645
49.487,-0.04590,0.04154,9.80645
49.506,-0.04578,0.04174,9.80645
49.574,-0.04567,0.04178,9.80645
49.595,-0.04542,0.04186,9.80646
49.631,-0.04523,0.04191,9.80646
49.797,-0.04501,0.04189,9.80646
50.197,-0.04482,0.04183,9.80646
50.832,-0.04491,0.04179,9.80646
50.852,-0.04503,0.04177,9.80646
50.912,-0.04512,0.04173,9.80646
50.964,-0.04521,0.04168,9.80646
51.464,-0.04526,0.04175,9.80646
51.524,-0.04533,0.04182,9.80646
51.548,-0.04552,0.04194,9.80645
51.602,-0.04561,0.04191,9.80645
51.747,-0.04559,0.04181,9.80645
53.437,-0.04554,0.04162,9.80646
54.167,-0.04566,0.04160,9.80646
55.476,-0.04576,0.04160,9.80645
56.146,-0.04565,0.04158,9.80646
56.170,-0.04545,0.04148,9.80646
56.199,-0.04526,0.04139,9.80646
57.366,-0.04519,0.04131,9.80646
57.432,-0.04513,0.04122,9.80646
57.452,-0.04497,0.04106,9.80646
57.473,-0.04497,0.04106,9.80646
57.492,-0.04497,0.04106,9.80646
57.516,-0.04497,0.04106,9.80646
57.533,-0.04497,0.04106,9.80646
57.553,-0.04497,0.04106,9.80646
57.574,-0.04497,0.04106,9.80646
57.594,-0.04497,0.04106,9.80646
57.617,-0.04497,0.04106,9.80646
57.633,-0.04497,0.04106,9.80646
57.652,-0.04497,0.04106,9.80646
57.673,-0.04497,0.04106,9.80646
57.693,-0.04487,0.04108,9.80646
58.477,-0.04478,0.04104,9.80646
58.944,-0.04469,0.04111,9.80646
59.012,-0.04463,0.04118,9.80646
59.033,-0.04442,0.04128,9.80646
60.407,-0.04446,0.04115,9.80646
62.177,-0.04448,0.04093,9.80646
62.226,-0.04455,0.04084,9.80646
62.247,-0.04470,0.04067,9.80646
65.327,-0.04479,0.04072,9.80646
65.434,-0.04487,0.04076,9.80646
68.107,-0.04492,0.04067,9.80646
68.133,-0.04498,0.04045,9.80646
68.144,-0.04504,0.04035,9.80646
68.164,-0.04520,0.04021,9.80646
68.297,-0.04530,0.04025,9.80646
68.343,-0.04534,0.04034,9.80646
69.568,-0.04527,0.04028,9.80646
69.687,-0.04521,0.04019,9.80646
70.207,-0.04519,0.04009,9.80646
70.817,-0.04516,0.04000,9.80646
71.237,-0.04526,0.03988,9.80646
71.377,-0.04535,0.03986,9.80646
71.774,-0.04535,0.03974,9.80647
73.787,-0.04523,0.03974,9.80647
73.828,-0.04504,0.03980,9.80647
74.264,-0.04494,0.03976,9.80647
74.684,-0.04475,0.03969,9.80647
74.753,-0.04468,0.03976,9.80647
74.772,-0.04455,0.03994,9.80647
76.256,-0.04455,0.04002,9.80647
76.457,-0.04446,0.04008,9.80647
77.557,-0.04447,0.04017,9.80647
77.767,-0.04456,0.04034,9.80647
77.863,-0.04465,0.04038,9.80647
81.227,-0.04467,0.04050,9.80647
82.087,-0.04458,0.04047,9.80647
82.105,-0.04434,0.04042,9.80647
82.367,-0.04428,0.04035,9.80647
82.397,-0.04414,0.04019,9.80647
82.637,-0.04421,0.04026,9.80647
83.117,-0.04430,0.04042,9.80647
83.777,-0.04419,0.04040,9.80647
84.449,-0.04415,0.04049,9.80647
84.477,-0.04412,0.04057,9.80647
84.507,-0.04412,0.04079,9.80647
85.836,-0.04410,0.04088,9.80647
86.128,-0.04400,0.04091,9.80647
86.149,-0.04376,0.04101,9.80647
86.164,-0.04354,0.04113,9.80647
86.557,-0.04354,0.04123,9.80647
86.595,-0.04354,0.04133,9.80647
86.615,-0.04346,0.04158,9.80647
86.642,-0.04332,0.04177,9.80647
87.166,-0.04324,0.04170,9.80647
87.347,-0.04324,0.04180,9.80647
88.617,-0.04330,0.04189,9.80647
88.646,-0.04337,0.04198,9.80647
88.667,-0.04355,0.04211,9.80646
88.786,-0.04373,0.04221,9.80646
89.129,-0.04383,0.04222,9.80646
89.156,-0.04403,0.04222,9.80646
89.193,-0.04413,0.04222,9.80646
89.213,-0.04425,0.04222,9.80646
89.232,-0.04434,0.04219,9.80646
89.252,-0.04434,0.04219,9.80646
89.273,-0.04434,0.04219,9.80646
89.293,-0.04434,0.04219,9.80646
89.313,-0.04434,0.04219,9.80646
89.333,-0.04434,0.04219,9.80646
89.360,-0.04434,0.04219,9.80646
89.382,-0.04434,0.04219,9.80646
89.393,-0.04434,0.04219,9.80646
89.415,-0.04434,0.04219,9.80646
89.433,-0.04434,0.04219,9.80646
89.456,-0.04434,0.04219,9.80646
89.475,-0.04434,0.04219,9.80646
89.493,-0.04434,0.04219,9.80646
89.513,-0.04434,0.04219,9.80646
89.533,-0.04434,0.04219,9.80646
89.556,-0.04434,0.04219,9.80646
89.574,-0.04434,0.04219,9.80646
89.593,-0.04434,0.04219,9.80646
89.613,-0.04434,0.04219,9.80646
89.632,-0.04434,0.04219,9.80646
89.654,-0.04434,0.04219,9.80646
89.673,-0.04434,0.04219,9.80646
89.693,-0.04434,0.04219,9.80646
89.713,-0.04434,0.04219,9.80646
89.733,-0.04434,0.04219,9.80646
89.756,-0.04434,0.04219,9.80646
89.773,-0.04434,0.04219,9.80646
89.793,-0.04434,0.04219,9.80646
89.813,-0.04434,0.04219,9.80646
89.832,-0.04434,0.04219,9.80646
89.858,-0.04434,0.04219,9.80646
89.872,-0.04434,0.04219,9.80646
89.893,-0.04434,0.04219,9.80646
89.913,-0.04434,0.04219,9.80646
89.932,-0.04434,0.04219,9.80646
89.957,-0.04434,0.04219,9.80646
89.975,-0.04434,0.04219,9.80646
89.992,-0.04434,0.04219,9.80646
90.013,-0.04434,0.04219,9.80646
90.032,-0.04434,0.04219,9.80646
90.058,-0.04434,0.04219,9.80646
90.074,-0.04434,0.04219,9.80646
90.093,-0.04434,0.04219,9.80646
90.113,-0.04434,0.04219,9.80646
90.133,-0.04434,0.04219,9.80646
90.157,-0.04434,0.04219,9.80646
90.175,-0.04434,0.04219,9.80646
90.193,-0.04434,0.04219,9.80646
90.213,-0.04434,0.04219,9.80646
90.232,-0.04434,0.04219,9.80646
90.262,-0.04434,0.04219,9.80646
90.276,-0.04434,0.04219,9.80646
90.292,-0.04434,0.04219,9.80646
90.313,-0.04434,0.04219,9.80646
90.333,-0.04434,0.04219,9.80646
90.358,-0.04434,0.04219,9.80646
90.375,-0.04434,0.04219,9.80646
90.393,-0.04434,0.04219,9.80646
90.413,-0.04434,0.04219,9.80646
90.432,-0.04434,0.04219,9.80646
90.459,-0.04434,0.04219,9.80646
90.475,-0.04434,0.04219,9.80646
90.492,-0.04434,0.04219,9.80646
90.513,-0.04434,0.04219,9.80646
90.533,-0.04434,0.04219,9.80646
90.553,-0.04434,0.04219,9.80646
90.575,-0.04434,0.04219,9.80646
90.592,-0.04434,0.04219,9.80646
90.613,-0.04434,0.04219,9.80646
90.633,-0.04434,0.04219,9.80646
90.661,-0.04434,0.04219,9.80646
90.677,-0.04434,0.04219,9.80646
90.693,-0.04434,0.04219,9.80646
90.713,-0.04434,0.04219,9.80646
90.733,-0.04434,0.04219,9.80646
90.753,-0.04428,0.04208,9.80646
90.783,-0.04421,0.04187,9.80646
93.693,-0.04431,0.04187,9.80646
95.957,-0.04450,0.04184,9.80646
96.467,-0.04448,0.04193,9.80646
96.757,-0.04444,0.04183,9.80646
97.067,-0.04437,0.04190,9.80646
97.867,-0.04435,0.04201,9.80646
97.894,-0.04427,0.04222,9.80646
97.902,-0.04427,0.04222,9.80646
97.929,-0.04427,0.04222,9.80646
97.944,-0.04427,0.04222,9.80646
97.965,-0.04427,0.04222,9.80646
97.983,-0.04427,0.04222,9.80646
98.004,-0.04427,0.04222,9.80646
98.023,-0.04427,0.04222,9.80646
98.048,-0.04427,0.04222,9.80646
98.073,-0.04427,0.04222,9.80646
98.083,-0.04427,0.04222,9.80646
98.103,-0.04427,0.04222,9.80646
98.125,-0.04427,0.04222,9.80646
98.149,-0.04427,0.04222,9.80646
98.165,-0.04427,0.04222,9.80646
98.183,-0.04427,0.04222,9.80646
98.203,-0.04427,0.04222,9.80646
98.223,-0.04427,0.04222,9.80646
98.244,-0.04427,0.04222,9.80646
98.265,-0.04427,0.04222,9.80646
98.282,-0.04427,0.04222,9.80646
98.305,-0.04427,0.04222,9.80646
98.323,-0.04427,0.04222,9.80646
98.349,-0.04427,0.04222,9.80646
98.367,-0.04427,0.04222,9.80646
98.383,-0.04427,0.04222,9.80646
98.403,-0.04427,0.04222,9.80646
98.423,-0.04427,0.04222,9.80646
98.443,-0.04427,0.04222,9.80646
98.465,-0.04427,0.04222,9.80646
98.486,-0.04427,0.04222,9.80646
98.503,-0.04427,0.04222,9.80646
98.524,-0.04427,0.04222,9.80646
98.548,-0.04427,0.04222,9.80646
98.566,-0.04427,0.04222,9.80646
98.583,-0.04427,0.04222,9.80646
98.604,-0.04427,0.04222,9.80646
98.623,-0.04427,0.04222,9.80646
98.649,-0.04427,0.04222,9.80646
98.666,-0.04427,0.04222,9.80646
98.684,-0.04427,0.04222,9.80646
98.702,-0.04427,0.04222,9.80646
98.724,-0.04427,0.04222,9.80646
98.749,-0.04427,0.04222,9.80646
98.766,-0.04427,0.04222,9.80646
98.783,-0.04427,0.04222,9.80646
98.802,-0.04427,0.04222,9.80646
98.823,-0.04427,0.04222,9.80646
98.850,-0.04427,0.04222,9.80646
98.867,-0.04427,0.04222,9.80646
98.883,-0.04427,0.04222,9.80646
98.904,-0.04427,0.04222,9.80646
98.923,-0.04427,0.04222,9.80646
98.949,-0.04427,0.04222,9.80646
98.966,-0.04427,0.04222,9.80646
98.983,-0.04427,0.04222,9.80646
99.003,-0.04427,0.04222,9.80646
99.024,-0.04427,0.04222,9.80646
99.050,-0.04427,0.04222,9.80646
99.062,-0.04427,0.04222,9.80646
99.084,-0.04427,0.04222,9.80646
99.103,-0.04427,0.04222,9.80646
99.123,-0.04427,0.04222,9.80646
99.155,-0.04427,0.04222,9.80646
99.168,-0.04427,0.04222,9.80646
99.182,-0.04427,0.04222,9.80646
99.205,-0.04427,0.04222,9.80646
99.224,-0.04427,0.04222,9.80646
99.250,-0.04427,0.04222,9.80646
99.267,-0.04427,0.04222,9.80646
99.283,-0.04427,0.04222,9.80646
99.303,-0.04427,0.04222,9.80646
99.323,-0.04427,0.04222,9.80646
99.343,-0.04427,0.04222,9.80646
99.367,-0.04427,0.04222,9.80646
99.386,-0.04427,0.04222,9.80646
99.404,-0.04427,0.04222,9.80646
99.422,-0.04427,0.04222,9.80646
99.449,-0.04427,0.04222,9.80646
99.464,-0.04427,0.04222,9.80646
99.482,-0.04427,0.04222,9.80646
99.504,-0.04427,0.04222,9.80646
99.559,-0.04427,0.04222,9.80646
99.559,-0.04427,0.04222,9.80646
99.565,-0.04427,0.04222,9.80646
99.583,-0.04427,0.04222,9.80646
99.607,-0.04427,0.04222,9.80646
99.623,-0.04427,0.04222,9.80646
99.654,-0.04427,0.04222,9.80646
99.663,-0.04427,0.04222,9.80646
99.684,-0.04427,0.04222,9.80646
99.706,-0.04427,0.04222,9.80646
99.722,-0.04427,0.04222,9.80646
99.750,-0.04427,0.04222,9.80646
99.767,-0.04427,0.04222,9.80646
99.784,-0.04427,0.04222,9.80646
99.804,-0.04427,0.04222,9.80646
99.824,-0.04427,0.04222,9.80646
99.842,-0.04427,0.04222,9.80646
99.872,-0.04427,0.04222,9.80646
99.883,-0.04427,0.04222,9.80646
99.903,-0.04427,0.04222,9.80646
99.925,-0.04427,0.04222,9.80646
99.943,-0.04427,0.04222,9.80646
99.976,-0.04427,0.04222,9.80646
99.984,-0.04427,0.04222,9.80646
100.003,-0.04427,0.04222,9.80646
100.023,-0.04427,0.04222,9.80646
100.043,-0.04427,0.04222,9.80646
100.067,-0.04427,0.04222,9.80646
100.084,-0.04427,0.04222,9.80646
100.104,-0.04427,0.04222,9.80646
100.124,-0.04427,0.04222,9.80646
100.142,-0.04427,0.04222,9.80646
100.167,-0.04427,0.04222,9.80646
100.183,-0.04427,0.04222,9.80646
100.203,-0.04427,0.04222,9.80646
100.224,-0.04427,0.04222,9.80646
100.243,-0.04427,0.04222,9.80646
100.267,-0.04427,0.04222,9.80646
100.285,-0.04427,0.04222,9.80646
100.303,-0.04427,0.04222,9.80646
100.323,-0.04427,0.04222,9.80646
100.351,-0.04427,0.04222,9.80646
100.363,-0.04427,0.04222,9.80646
100.384,-0.04427,0.04222,9.80646
100.404,-0.04416,0.04226,9.80646
100.423,-0.04416,0.04226,9.80646
100.443,-0.04416,0.04226,9.80646
100.464,-0.04416,0.04226,9.80646
100.485,-0.04416,0.04226,9.80646
100.503,-0.04416,0.04226,9.80646
100.526,-0.04416,0.04226,9.80646
100.543,-0.04416,0.04226,9.80646
100.567,-0.04416,0.04226,9.80646
100.584,-0.04416,0.04226,9.80646
100.603,-0.04416,0.04226,9.80646
100.623,-0.04416,0.04226,9.80646
100.651,-0.04416,0.04226,9.80646
100.663,-0.04416,0.04226,9.80646
100.685,-0.04416,0.04226,9.80646
100.704,-0.04416,0.04226,9.80646
100.723,-0.04416,0.04226,9.80646
100.743,-0.04416,0.04226,9.80646
100.768,-0.04416,0.04226,9.80646
100.785,-0.04416,0.04226,9.80646
100.803,-0.04416,0.04226,9.80646
100.825,-0.04416,0.04226,9.80646
100.844,-0.04416,0.04226,9.80646
101.097,-0.04396,0.04225,9.80646
101.134,-0.04375,0.04231,9.80646
101.184,-0.04373,0.04241,9.80646
102.854,-0.04363,0.04245,9.80646
103.857,-0.04353,0.04243,9.80646
103.895,-0.04329,0.04243,9.80646
103.896,-0.04319,0.04243,9.80646
103.916,-0.04309,0.04242,9.80646
103.936,-0.04287,0.04244,9.80646
103.955,-0.04266,0.04238,9.80647
104.023,-0.04252,0.04246,9.80647
104.053,-0.04248,0.04255,9.80647
105.107,-0.04258,0.04255,9.80647
106.967,-0.04266,0.04248,9.80647
107.011,-0.04283,0.04231,9.80647
107.705,-0.04273,0.04231,9.80647
109.284,-0.04272,0.04235,9.80647
109.657,-0.04281,0.04239,9.80647
109.691,-0.04304,0.04245,9.80646
110.407,-0.04315,0.04243,9.80646
110.437,-0.04337,0.04245,9.80646
110.997,-0.04347,0.04252,9.80646
111.103,-0.04350,0.04261,9.80646
111.139,-0.04360,0.04281,9.80646
111.317,-0.04356,0.04272,9.80646
111.577,-0.04344,0.04272,9.80646
111.629,-0.04334,0.04270,9.80646
111.648,-0.04313,0.04268,9.80646
111.665,-0.04289,0.04266,9.80646
114.737,-0.04286,0.04258,9.80646
115.367,-0.04290,0.04250,9.80646
115.406,-0.04306,0.04235,9.80646
115.648,-0.04308,0.04237,9.80646
115.679,-0.04310,0.04246,9.80646
115.703,-0.04308,0.04257,9.80646
117.427,-0.04297,0.04274,9.80646
117.766,-0.04277,0.04276,9.80646
118.657,-0.04257,0.04265,9.80647
118.977,-0.04261,0.04255,9.80647
119.217,-0.04268,0.04249,9.80647
119.568,-0.04275,0.04238,9.80647
123.329,-0.04293,0.04229,9.80647
123.497,-0.04304,0.04223,9.80647
123.536,-0.04322,0.04214,9.80646
124.027,-0.04333,0.04218,9.80646
124.056,-0.04336,0.04228,9.80646
124.967,-0.04345,0.04222,9.80646
125.237,-0.04352,0.04215,9.80646
127.109,-0.04341,0.04221,9.80646
129.157,-0.04324,0.04214,9.80646
130.687,-0.04333,0.04218,9.80646
131.996,-0.04342,0.04215,9.80646
133.338,-0.04338,0.04227,9.80646
133.358,-0.04330,0.04247,9.80646
133.487,-0.04325,0.04256,9.80646
133.927,-0.04327,0.04245,9.80646
134.146,-0.04324,0.04258,9.80646
134.171,-0.04320,0.04280,9.80646
134.957,-0.04313,0.04299,9.80646
135.657,-0.04318,0.04315,9.80646
136.456,-0.04325,0.04321,9.80646
138.237,-0.04323,0.04334,9.80646
138.509,-0.04313,0.04335,9.80646
138.527,-0.04292,0.04337,9.80646
138.548,-0.04283,0.04333,9.80646
138.737,-0.04272,0.04328,9.80646
138.865,-0.04266,0.04339,9.80646
138.905,-0.04259,0.04347,9.80646
139.405,-0.04252,0.04340,9.80646
139.997,-0.04242,0.04340,9.80646
140.044,-0.04242,0.04350,9.80646
140.308,-0.04233,0.04343,9.80646
140.337,-0.04225,0.04335,9.80646
140.403,-0.04217,0.04330,9.80646
140.430,-0.04198,0.04315,9.80647
144.379,-0.04190,0.04311,9.80647
145.197,-0.04194,0.04302,9.80647
145.219,-0.04198,0.04291,9.80647
146.097,-0.04207,0.04286,9.80647
146.878,-0.04210,0.04268,9.80647
147.325,-0.04200,0.04267,9.80647
147.637,-0.04190,0.04269,9.80647
147.668,-0.04180,0.04267,9.80647
147.701,-0.04154,0.04267,9.80647
147.702,-0.04132,0.04267,9.80647
147.715,-0.04106,0.04266,9.80647
147.877,-0.04085,0.04271,9.80647
149.724,-0.04094,0.04276,9.80647
149.743,-0.04118,0.04277,9.80647
150.797,-0.04108,0.04275,9.80647
152.958,-0.04101,0.04269,9.80647
155.348,-0.04105,0.04260,9.80647
157.577,-0.04107,0.04271,9.80647
157.628,-0.04108,0.04291,9.80647
158.118,-0.04120,0.04289,9.80647
158.142,-0.04129,0.04285,9.80647
159.617,-0.04130,0.04275,9.80647
161.065,-0.04122,0.04257,9.80647
162.818,-0.04125,0.04246,9.80647
162.846,-0.04134,0.04243,9.80647
162.868,-0.04143,0.04237,9.80647
162.886,-0.04160,0.04220,9.80647
162.904,-0.04173,0.04202,9.80647
163.335,-0.04179,0.04193,9.80647
163.748,-0.04181,0.04195,9.80647
163.825,-0.04172,0.04188,9.80647
164.215,-0.04161,0.04194,9.80647
164.735,-0.04165,0.04182,9.80647
164.814,-0.04158,0.04175,9.80647
165.206,-0.04159,0.04159,9.80647
165.235,-0.04176,0.04140,9.80647
165.775,-0.04170,0.04131,9.80647
166.755,-0.04163,0.04120,9.80648
167.025,-0.04153,0.04122,9.80648
170.286,-0.04144,0.04118,9.80648
171.535,-0.04134,0.04115,9.80648
172.125,-0.04122,0.04116,9.80648
174.007,-0.04113,0.04123,9.80648
174.495,-0.04100,0.04137,9.80648
174.527,-0.04090,0.04141,9.80648
176.228,-0.04088,0.04129,9.80648
176.304,-0.04100,0.04125,9.80648
176.598,-0.04097,0.04120,9.80648
176.647,-0.04075,0.04118,9.80648
177.225,-0.04066,0.04113,9.80648
177.347,-0.04057,0.04123,9.80648
177.377,-0.04039,0.04142,9.80648
177.935,-0.04025,0.04144,9.80648
178.025,-0.04003,0.04142,9.80648
178.758,-0.03993,0.04142,9.80648
180.708,-0.03991,0.04132,9.80648
180.734,-0.03988,0.04125,9.80648
180.753,-0.03972,0.04110,9.80648
181.127,-0.03968,0.04098,9.80648
183.828,-0.03959,0.04080,9.80649
184.368,-0.03949,0.04084,9.80649
184.385,-0.03934,0.04102,9.80649
184.408,-0.03923,0.04118,9.80649
184.896,-0.03913,0.04118,9.80649
185.088,-0.03911,0.04106,9.80649
185.478,-0.03911,0.04082,9.80649
185.504,-0.03918,0.04063,9.80649
185.544,-0.03922,0.04053,9.80649
185.698,-0.03936,0.04044,9.80649
187.118,-0.03943,0.04037,9.80649
188.778,-0.03962,0.04032,9.80649
188.978,-0.03974,0.04044,9.80649
189.838,-0.03967,0.04047,9.80649
189.868,-0.03950,0.04032,9.80649
189.903,-0.03940,0.04030,9.80649
191.189,-0.03938,0.04022,9.80649
191.786,-0.03931,0.04027,9.80649
193.198,-0.03927,0.04038,9.80649
193.409,-0.03916,0.04040,9.80649
193.548,-0.03920,0.04051,9.80649
193.605,-0.03911,0.04059,9.80649
193.836,-0.03913,0.04068,9.80649
193.904,-0.03904,0.04078,9.80649
193.923,-0.03896,0.04097,9.80649
196.578,-0.03906,0.04099,9.80649
197.738,-0.03923,0.04106,9.80649
197.761,-0.03932,0.04113,9.80649
198.058,-0.03942,0.04113,9.80649
198.082,-0.03962,0.04121,9.80648
198.111,-0.03971,0.04128,9.80648
198.114,-0.03992,0.04138,9.80648
198.948,-0.03990,0.04148,9.80648
199.034,-0.03977,0.04155,9.80648
199.055,-0.03951,0.04151,9.80648
199.074,-0.03931,0.04153,9.80648
199.093,-0.03907,0.04151,9.80649
199.754,-0.03896,0.04159,9.80649
202.458,-0.03904,0.04165,9.80648
203.045,-0.03913,0.04172,9.80648
203.708,-0.03926,0.04189,9.80648
203.734,-0.03933,0.04196,9.80648
204.870,-0.03942,0.04194,9.80648
204.898,-0.03967,0.04188,9.80648
204.922,-0.03991,0.04186,9.80648
204.934,-0.04008,0.04173,9.80648
205.508,-0.03999,0.04175,9.80648
205.564,-0.03992,0.04184,9.80648
205.585,-0.03981,0.04190,9.80648
206.738,-0.03978,0.04202,9.80648
207.295,-0.03972,0.04205,9.80648
207.588,-0.03965,0.04198,9.80648
207.607,-0.03952,0.04183,9.80648
207.998,-0.03955,0.04172,9.80648
208.416,-0.03955,0.04184,9.80648
210.593,-0.03956,0.04194,9.80648
210.612,-0.03972,0.04213,9.80648
210.632,-0.03983,0.04233,9.80648
211.813,-0.03974,0.04237,9.80648
214.109,-0.03964,0.04236,9.80648
214.148,-0.03954,0.04240,9.80648
214.225,-0.03950,0.04251,9.80648
214.453,-0.03941,0.04252,9.80648
214.483,-0.03931,0.04256,9.80648
215.167,-0.03914,0.04269,9.80648
218.997,-0.03923,0.04265,9.80648
219.036,-0.03940,0.04251,9.80648
220.192,-0.03951,0.04253,9.80648
221.143,-0.03944,0.04260,9.80648
221.163,-0.03931,0.04280,9.80648
221.586,-0.03921,0.04276,9.80648
222.088,-0.03912,0.04283,9.80648
224.468,-0.03910,0.04304,9.80648
225.938,-0.03895,0.04310,9.80648
225.969,-0.03884,0.04308,9.80648
225.973,-0.03860,0.04304,9.80648
226.067,-0.03851,0.04312,9.80648
227.129,-0.03853,0.04323,9.80648
227.408,-0.03853,0.04335,9.80648
227.428,-0.03851,0.04356,9.80648
228.018,-0.03860,0.04352,9.80648
228.878,-0.03869,0.04346,9.80648
229.495,-0.03878,0.04351,9.80648
230.393,-0.03882,0.04342,9.80648
230.424,-0.03887,0.04333,9.80648
231.003,-0.03898,0.04318,9.80648
233.189,-0.03903,0.04309,9.80648
234.018,-0.03909,0.04300,9.80648
234.049,-0.03915,0.04291,9.80648
234.080,-0.03922,0.04282,9.80648
234.798,-0.03931,0.04276,9.80648
234.827,-0.03946,0.04263,9.80648
234.871,-0.03966,0.04250,9.80648
235.155,-0.03979,0.04234,9.80648
235.186,-0.03988,0.04230,9.80648
235.206,-0.04010,0.04218,9.80648
235.226,-0.04028,0.04205,9.80648
235.255,-0.04051,0.04198,9.80648
235.546,-0.04059,0.04202,9.80648
236.778,-0.04070,0.04192,9.80648
237.649,-0.04068,0.04171,9.80648
239.504,-0.04071,0.04152,9.80648
239.643,-0.04080,0.04147,9.80648
240.343,-0.04080,0.04137,9.80648
242.955,-0.04069,0.04135,9.80648
242.984,-0.04059,0.04132,9.80648
243.014,-0.04037,0.04130,9.80648
243.085,-0.04018,0.04127,9.80648
243.153,-0.04009,0.04133,9.80648
243.183,-0.03991,0.04142,9.80648
243.544,-0.03981,0.04144,9.80648
243.635,-0.03975,0.04153,9.80648
244.943,-0.03966,0.04157,9.80648
246.183,-0.03961,0.04165,9.80648
246.265,-0.03952,0.04183,9.80648
246.283,-0.03940,0.04203,9.80648
246.374,-0.03931,0.04220,9.80648
249.015,-0.03940,0.04227,9.80648
249.414,-0.03958,0.04238,9.80648
249.434,-0.03979,0.04242,9.80648
249.506,-0.03986,0.04251,9.80648
250.025,-0.03974,0.04249,9.80648
250.227,-0.03955,0.04244,9.80648
250.303,-0.03944,0.04240,9.80648
251.127,-0.03938,0.04247,9.80648
251.155,-0.03937,0.04257,9.80648
251.176,-0.03935,0.04277,9.80648
251.564,-0.03921,0.04290,9.80648
255.277,-0.03911,0.04287,9.80648
255.325,-0.03895,0.04276,9.80648
259.134,-0.03905,0.04278,9.80648
259.156,-0.03916,0.04281,9.80648
259.174,-0.03937,0.04275,9.80648
260.574,-0.03950,0.04283,9.80648
260.994,-0.03960,0.04283,9.80648
261.014,-0.03984,0.04283,9.80648
261.789,-0.04003,0.04279,9.80648
262.159,-0.03992,0.04283,9.80648
262.368,-0.03985,0.04289,9.80648
262.986,-0.03985,0.04279,9.80648
264.039,-0.03983,0.04259,9.80648
264.067,-0.03977,0.04234,9.80648
264.101,-0.03968,0.04216,9.80648
264.102,-0.03955,0.04196,9.80648
264.579,-0.03953,0.04207,9.80648
267.158,-0.03957,0.04198,9.80648
267.999,-0.03965,0.04200,9.80648
268.020,-0.03987,0.04199,9.80648
268.365,-0.03994,0.04207,9.80648
268.393,-0.04009,0.04221,9.80648
268.524,-0.04018,0.04239,9.80648
268.550,-0.04013,0.04248,9.80648
269.086,-0.04015,0.04257,9.80648
270.839,-0.04006,0.04263,9.80648
270.870,-0.03980,0.04260,9.80648
270.897,-0.03959,0.04253,9.80648
270.897,-0.03936,0.04249,9.80648
271.038,-0.03935,0.04242,9.80648
271.058,-0.03954,0.04228,9.80648
271.526,-0.03947,0.04221,9.80648
271.936,-0.03953,0.04230,9.80648
272.015,-0.03956,0.04240,9.80648
272.075,-0.03965,0.04242,9.80648
272.299,-0.03976,0.04236,9.80648
275.970,-0.03972,0.04225,9.80648
276.415,-0.03974,0.04217,9.80648
276.627,-0.03983,0.04197,9.80648
277.449,-0.03985,0.04189,9.80648
277.477,-0.03989,0.04164,9.80648
277.504,-0.03987,0.04141,9.80648
277.505,-0.03977,0.04119,9.80648
278.529,-0.03964,0.04109,9.80648
278.569,-0.03953,0.04107,9.80649
278.739,-0.03941,0.04107,9.80649
281.229,-0.03932,0.04121,9.80649
281.305,-0.03946,0.04134,9.80648
281.686,-0.03956,0.04136,9.80648
281.706,-0.03979,0.04138,9.80648
282.126,-0.03973,0.04127,9.80648
282.195,-0.03956,0.04114,9.80648
282.835,-0.03951,0.04127,9.80648
282.856,-0.03938,0.04147,9.80648
284.497,-0.03924,0.04158,9.80648
284.526,-0.03913,0.04162,9.80648
284.684,-0.03903,0.04161,9.80648
284.711,-0.03873,0.04163,9.80649
284.737,-0.03843,0.04162,9.80649
284.744,-0.03814,0.04165,9.80649
284.765,-0.03791,0.04169,9.80649
284.790,-0.03768,0.04175,9.80649
284.806,-0.03742,0.04177,9.80649
284.824,-0.03720,0.04173,9.80649
284.845,-0.03695,0.04169,9.80649
284.885,-0.03678,0.04161,9.80649
285.306,-0.03680,0.04170,9.80649
285.458,-0.03687,0.04177,9.80649
286.616,-0.03688,0.04187,9.80649
286.643,-0.03690,0.04198,9.80649
286.674,-0.03692,0.04220,9.80649
286.697,-0.03710,0.04231,9.80649
286.722,-0.03717,0.04237,9.80649
286.969,-0.03735,0.04236,9.80649
287.014,-0.03756,0.04233,9.80649
287.417,-0.03758,0.04222,9.80649
287.618,-0.03769,0.04218,9.80649
288.056,-0.03778,0.04223,9.80649
288.476,-0.03787,0.04227,9.80649
288.536,-0.03802,0.04243,9.80649
288.565,-0.03816,0.04258,9.80648
288.767,-0.03825,0.04254,9.80648
288.815,-0.03836,0.04257,9.80648
288.874,-0.03845,0.04261,9.80648
288.934,-0.03850,0.04270,9.80648
288.954,-0.03862,0.04292,9.80648
288.994,-0.03867,0.04313,9.80648
289.025,-0.03871,0.04324,9.80648
289.799,-0.03869,0.04343,9.80648
290.250,-0.03854,0.04349,9.80648
290.659,-0.03861,0.04358,9.80648
290.875,-0.03877,0.04367,9.80648
292.239,-0.03881,0.04356,9.80648
293.519,-0.03896,0.04350,9.80648
294.450,-0.03914,0.04361,9.80647
294.629,-0.03920,0.04353,9.80648
294.660,-0.03944,0.04341,9.80647
294.665,-0.03961,0.04326,9.80647
294.694,-0.03977,0.04312,9.80647
294.725,-0.03981,0.04303,9.80647
294.927,-0.03991,0.04300,9.80647
294.959,-0.04009,0.04290,9.80647
294.977,-0.04031,0.04279,9.80647
296.139,-0.04044,0.04264,9.80647
297.390,-0.04037,0.04272,9.80647
297.606,-0.04027,0.04267,9.80647
297.649,-0.04015,0.04267,9.80647
298.110,-0.04005,0.04267,9.80648
298.477,-0.03995,0.04265,9.80648
298.779,-0.03985,0.04259,9.80648
299.239,-0.03967,0.04256,9.80648
299.274,-0.03944,0.04258,9.80648
299.277,-0.03933,0.04252,9.80648
299.301,-0.03913,0.04241,9.80648
299.458,-0.03907,0.04228,9.80648
299.505,-0.03911,0.04208,9.80648
299.730,-0.03921,0.04210,9.80648
303.106,-0.03915,0.04217,9.80648
303.450,-0.03920,0.04226,9.80648
303.568,-0.03920,0.04246,9.80648
304.459,-0.03921,0.04268,9.80648
304.486,-0.03921,0.04288,9.80648
304.699,-0.03912,0.04303,9.80648
304.719,-0.03896,0.04318,9.80648
304.745,-0.03881,0.04332,9.80648
304.754,-0.03863,0.04345,9.80648
304.775,-0.03854,0.04353,9.80648
304.795,-0.03845,0.04358,9.80648
305.308,-0.03842,0.04349,9.80648
305.756,-0.03827,0.04334,9.80648
307.230,-0.03827,0.04320,9.80648
307.252,-0.03830,0.04291,9.80648
307.335,-0.03840,0.04282,9.80648
309.319,-0.03837,0.04272,9.80648
309.342,-0.03827,0.04254,9.80648
310.549,-0.03831,0.04263,9.80648
311.490,-0.03829,0.04274,9.80648
311.859,-0.03822,0.04283,9.80648
312.309,-0.03828,0.04290,9.80648
312.876,-0.03849,0.04288,9.80648
312.918,-0.03870,0.04284,9.80648
312.934,-0.03894,0.04296,9.80648
312.954,-0.03913,0.04309,9.80648
312.985,-0.03922,0.04317,9.80648
313.396,-0.03913,0.04321,9.80648
313.417,-0.03892,0.04319,9.80648
314.559,-0.03884,0.04326,9.80648
314.919,-0.03877,0.04321,9.80648
315.198,-0.03859,0.04324,9.80648
316.959,-0.03867,0.04319,9.80648
317.007,-0.03877,0.04323,9.80648
317.055,-0.03890,0.04327,9.80648
317.085,-0.03897,0.04334,9.80648
317.105,-0.03920,0.04340,9.80648
317.124,-0.03938,0.04352,9.80647
317.348,-0.03956,0.04367,9.80647
317.377,-0.03964,0.04388,9.80647
318.279,-0.03972,0.04378,9.80647
318.695,-0.03970,0.04375,9.80647
319.089,-0.03959,0.04371,9.80647
319.830,-0.03949,0.04368,9.80647
320.109,-0.03937,0.04372,9.80647
321.709,-0.03928,0.04376,9.80647
323.699,-0.03935,0.04367,9.80647
323.736,-0.03951,0.04356,9.80647
326.179,-0.03942,0.04352,9.80647
326.689,-0.03921,0.04347,9.80648
326.746,-0.03909,0.04346,9.80648
327.210,-0.03902,0.04353,9.80648
327.666,-0.03889,0.04367,9.80648
327.687,-0.03880,0.04386,9.80648
328.809,-0.03864,0.04385,9.80648
329.389,-0.03866,0.04375,9.80648
330.151,-0.03857,0.04380,9.80648
331.290,-0.03847,0.04376,9.80648
331.322,-0.03848,0.04364,9.80648
331.349,-0.03851,0.04342,9.80648
331.395,-0.03860,0.04340,9.80648
332.159,-0.03870,0.04340,9.80648
333.059,-0.03872,0.04330,9.80648
334.149,-0.03875,0.04310,9.80648
334.317,-0.03881,0.04291,9.80648
334.345,-0.03887,0.04268,9.80648
334.377,-0.03888,0.04246,9.80648
334.377,-0.03888,0.04236,9.80648
335.159,-0.03890,0.04215,9.80648
335.539,-0.03899,0.04198,9.80648
335.567,-0.03902,0.04189,9.80648
336.209,-0.03904,0.04167,9.80648
336.358,-0.03906,0.04157,9.80648
336.999,-0.03910,0.04170,9.80648
339.950,-0.03918,0.04177,9.80648
339.968,-0.03936,0.04193,9.80648
340.034,-0.03949,0.04211,9.80648
340.057,-0.03962,0.04229,9.80648
340.439,-0.03975,0.04244,9.80648
340.869,-0.03983,0.04247,9.80648
340.998,-0.03996,0.04251,9.80648
341.566,-0.04011,0.04248,9.80648
341.598,-0.04018,0.04241,9.80648
342.438,-0.04016,0.04239,9.80648
342.659,-0.04025,0.04246,9.80648
344.149,-0.04017,0.04257,9.80648
345.549,-0.04012,0.04264,9.80648
345.594,-0.04004,0.04273,9.80648
345.898,-0.04016,0.04273,9.80647
345.927,-0.04039,0.04269,9.80647
346.016,-0.04059,0.04280,9.80647
346.039,-0.04076,0.04297,9.80647
346.147,-0.04097,0.04305,9.80647
346.171,-0.04121,0.04309,9.80647
346.359,-0.04124,0.04312,9.80647
347.479,-0.04115,0.04318,9.80647
347.508,-0.04097,0.04337,9.80647
347.537,-0.04073,0.04353,9.80647
347.538,-0.04050,0.04365,9.80647
347.554,-0.04032,0.04380,9.80647
347.625,-0.04034,0.04390,9.80647
348.570,-0.04036,0.04401,9.80647
348.597,-0.04032,0.04410,9.80647
348.625,-0.04024,0.04435,9.80647
348.625,-0.04020,0.04446,9.80647
348.655,-0.04011,0.04453,9.80647
348.675,-0.03993,0.04466,9.80647
348.699,-0.03981,0.04488,9.80647
348.716,-0.03975,0.04509,9.80647
348.745,-0.03973,0.04531,9.80647
352.674,-0.03966,0.04525,9.80647
352.775,-0.03960,0.04516,9.80647
356.419,-0.03970,0.04512,9.80647
357.180,-0.03989,0.04511,9.80647
357.255,-0.04002,0.04515,9.80646
357.669,-0.04007,0.04508,9.80647
358.719,-0.04001,0.04511,9.80647
358.759,-0.04005,0.04520,9.80646
360.279,-0.04005,0.04510,9.80647
360.969,-0.04003,0.04500,9.80647
361.139,-0.03998,0.04493,9.80647
361.246,-0.03987,0.04497,9.80647
362.770,-0.03968,0.04492,9.80647
362.798,-0.03946,0.04478,9.80647
364.059,-0.03936,0.04480,9.80647
364.310,-0.03928,0.04478,9.80647
364.437,-0.03923,0.04486,9.80647
365.510,-0.03930,0.04481,9.80647
366.399,-0.03934,0.04469,9.80647
367.195,-0.03924,0.04456,9.80647
367.869,-0.03910,0.04443,9.80647
368.337,-0.03909,0.04429,9.80647
368.363,-0.03908,0.04407,9.80647
368.386,-0.03905,0.04382,9.80647
368.671,-0.03895,0.04370,9.80648
369.059,-0.03897,0.04379,9.80648
369.077,-0.03894,0.04400,9.80647
369.599,-0.03885,0.04401,9.80647
369.919,-0.03862,0.04405,9.80648
369.946,-0.03836,0.04418,9.80648
370.170,-0.03846,0.04418,9.80648
370.831,-0.03864,0.04411,9.80647
375.459,-0.03857,0.04404,9.80648
375.478,-0.03842,0.04385,9.80648
377.899,-0.03853,0.04389,9.80648
377.918,-0.03873,0.04393,9.80648
377.958,-0.03877,0.04403,9.80647
377.974,-0.03881,0.04412,9.80647
378.129,-0.03886,0.04421,9.80647
378.150,-0.03888,0.04433,9.80647
378.167,-0.03892,0.04442,9.80647
378.695,-0.03883,0.04439,9.80647
380.389,-0.03865,0.04425,9.80647
381.050,-0.03857,0.04416,9.80647
382.470,-0.03849,0.04414,9.80647
382.495,-0.03829,0.04403,9.80648
384.050,-0.03828,0.04405,9.80648
384.075,-0.03835,0.04412,9.80648
384.299,-0.03826,0.04410,9.80648
384.429,-0.03817,0.04413,9.80648
384.907,-0.03805,0.04411,9.80648
386.340,-0.03785,0.04421,9.80648
386.619,-0.03767,0.04434,9.80648
386.667,-0.03757,0.04435,9.80648
387.639,-0.03748,0.04437,9.80648
391.590,-0.03737,0.04435,9.80648
394.256,-0.03735,0.04445,9.80648
396.030,-0.03725,0.04445,9.80648
396.430,-0.03716,0.04452,9.80648
396.452,-0.03712,0.04461,9.80648
397.729,-0.03700,0.04463,9.80648
398.979,-0.03710,0.04463,9.80648
399.599,-0.03710,0.04463,9.80648
400.018,-0.03719,0.04470,9.80648
400.041,-0.03741,0.04482,9.80648
401.139,-0.03745,0.04491,9.80648
401.167,-0.03758,0.04507,9.80647
401.587,-0.03758,0.04507,9.80647
401.608,-0.03739,0.04492,9.80648
401.626,-0.03725,0.04477,9.80648
401.654,-0.03721,0.04468,9.80648
401.676,-0.03712,0.04449,9.80648
402.299,-0.03706,0.04428,9.80648
403.231,-0.03699,0.04422,9.80648
403.253,-0.03686,0.04402,9.80648
403.275,-0.03677,0.04398,9.80648
403.296,-0.03667,0.04397,9.80648
403.509,-0.03677,0.04400,9.80648
403.564,-0.03696,0.04412,9.80648
403.575,-0.03713,0.04421,9.80648
403.890,-0.03709,0.04410,9.80648
404.190,-0.03704,0.04401,9.80648
404.360,-0.03707,0.04396,9.80648
405.979,-0.03700,0.04405,9.80648
407.800,-0.03687,0.04408,9.80648
408.409,-0.03684,0.04390,9.80648
409.266,-0.03705,0.04385,9.80648
409.286,-0.03726,0.04383,9.80648
410.800,-0.03720,0.04390,9.80648
410.826,-0.03704,0.04403,9.80648
411.510,-0.03713,0.04407,9.80648
411.557,-0.03721,0.04412,9.80648
411.910,-0.03731,0.04408,9.80648
411.930,-0.03740,0.04403,9.80648
411.955,-0.03750,0.04403,9.80648
412.960,-0.03758,0.04407,9.80648
414.579,-0.03767,0.04424,9.80648
414.665,-0.03758,0.04429,9.80648
414.685,-0.03754,0.04438,9.80648
415.620,-0.03747,0.04445,9.80648
415.647,-0.03745,0.04456,9.80648
415.728,-0.03733,0.04458,9.80648
415.768,-0.03712,0.04461,9.80648
416.490,-0.03708,0.04452,9.80648
416.510,-0.03701,0.04443,9.80648
416.525,-0.03692,0.04439,9.80648
416.546,-0.03672,0.04428,9.80648
416.565,-0.03650,0.04428,9.80648
416.795,-0.03654,0.04437,9.80648
417.469,-0.03652,0.04448,9.80648
419.179,-0.03652,0.04438,9.80648
419.211,-0.03650,0.04416,9.80648
419.689,-0.03661,0.04396,9.80648
420.210,-0.03676,0.04382,9.80648
420.538,-0.03681,0.04373,9.80648
420.699,-0.03687,0.04364,9.80648
420.719,-0.03703,0.04349,9.80648
421.819,-0.03720,0.04336,9.80648
422.159,-0.03723,0.04328,9.80648
422.187,-0.03727,0.04307,9.80649
423.810,-0.03736,0.04310,9.80648
424.330,-0.03736,0.04300,9.80649
425.770,-0.03728,0.04291,9.80649
425.799,-0.03711,0.04274,9.80649
425.940,-0.03700,0.04256,9.80649
425.970,-0.03697,0.04247,9.80649
425.985,-0.03690,0.04240,9.80649
427.470,-0.03696,0.04251,9.80649
428.209,-0.03701,0.04274,9.80649
428.237,-0.03702,0.04298,9.80649
428.275,-0.03704,0.04321,9.80649
428.326,-0.03701,0.04330,9.80649
429.430,-0.03711,0.04328,9.80649
429.507,-0.03720,0.04322,9.80648
429.565,-0.03729,0.04327,9.80648
429.720,-0.03720,0.04332,9.80648
429.740,-0.03699,0.04340,9.80648
430.009,-0.03710,0.04344,9.80648
430.069,-0.03719,0.04351,9.80648
431.450,-0.03732,0.04368,9.80648
431.515,-0.03744,0.04368,9.80648
432.459,-0.03749,0.04377,9.80648
433.027,-0.03740,0.04379,9.80648
433.330,-0.03734,0.04370,9.80648
433.362,-0.03728,0.04361,9.80648
433.710,-0.03719,0.04364,9.80648
435.050,-0.03716,0.04383,9.80648
435.072,-0.03730,0.04404,9.80648
435.249,-0.03735,0.04411,9.80648
435.283,-0.03749,0.04431,9.80648
435.288,-0.03762,0.04451,9.80648
436.680,-0.03756,0.04464,9.80648
437.491,-0.03739,0.04458,9.80648
437.510,-0.03722,0.04441,9.80648
440.640,-0.03723,0.04453,9.80648
442.652,-0.03711,0.04453,9.80648
442.785,-0.03690,0.04459,9.80648
443.900,-0.03699,0.04465,9.80648
443.961,-0.03710,0.04483,9.80648
444.691,-0.03701,0.04487,9.80648
447.020,-0.03710,0.04483,9.80648
447.039,-0.03721,0.04466,9.80648
448.790,-0.03730,0.04462,9.80648
450.540,-0.03720,0.04464,9.80648
451.800,-0.03731,0.04454,9.80648
451.825,-0.03746,0.04441,9.80648
451.862,-0.03760,0.04427,9.80648
451.865,-0.03768,0.04420,9.80648
451.885,-0.03775,0.04411,9.80648
451.906,-0.03793,0.04399,9.80648
451.925,-0.03813,0.04392,9.80648
454.460,-0.03824,0.04398,9.80648
454.479,-0.03818,0.04421,9.80648
454.760,-0.03814,0.04430,9.80648
454.781,-0.03806,0.04451,9.80648
455.150,-0.03813,0.04458,9.80647
455.182,-0.03824,0.04462,9.80647
456.152,-0.03816,0.04453,9.80647
456.171,-0.03799,0.04436,9.80648
456.192,-0.03781,0.04425,9.80648
456.549,-0.03770,0.04419,9.80648
456.567,-0.03762,0.04415,9.80648
456.587,-0.03742,0.04404,9.80648
456.890,-0.03733,0.04410,9.80648
457.111,-0.03719,0.04424,9.80648
457.132,-0.03723,0.04443,9.80648
457.245,-0.03710,0.04450,9.80648
457.265,-0.03685,0.04446,9.80648
457.296,-0.03666,0.04451,9.80648
457.321,-0.03643,0.04455,9.80648
457.338,-0.03620,0.04459,9.80648
457.355,-0.03594,0.04472,9.80648
457.375,-0.03570,0.04478,9.80648
457.396,-0.03558,0.04482,9.80648
457.456,-0.03543,0.04494,9.80648
458.060,-0.03533,0.04498,9.80648
458.410,-0.03523,0.04496,9.80648
458.440,-0.03500,0.04492,9.80649
458.447,-0.03479,0.04486,9.80649
460.050,-0.03479,0.04486,9.80649
460.106,-0.03486,0.04476,9.80649
460.209,-0.03495,0.04473,9.80649
460.777,-0.03502,0.04466,9.80649
460.800,-0.03519,0.04451,9.80649
462.871,-0.03519,0.04441,9.80649
463.531,-0.03510,0.04434,9.80649
463.892,-0.03489,0.04428,9.80649
464.710,-0.03483,0.04439,9.80649
464.731,-0.03472,0.04457,9.80649
465.338,-0.03480,0.04467,9.80649
466.300,-0.03478,0.04478,9.80649
467.630,-0.03466,0.04478,9.80649
467.990,-0.03456,0.04480,9.80649
468.010,-0.03445,0.04483,9.80649
468.041,-0.03445,0.04483,9.80649
468.045,-0.03445,0.04483,9.80649
468.068,-0.03445,0.04483,9.80649
468.086,-0.03445,0.04483,9.80649
468.106,-0.03445,0.04483,9.80649
468.125,-0.03445,0.04483,9.80649
468.148,-0.03445,0.04483,9.80649
468.165,-0.03445,0.04483,9.80649
468.185,-0.03445,0.04483,9.80649
468.207,-0.03445,0.04483,9.80649
468.226,-0.03445,0.04483,9.80649
468.247,-0.03445,0.04483,9.80649
468.267,-0.03445,0.04483,9.80649
468.285,-0.03445,0.04483,9.80649
468.306,-0.03445,0.04483,9.80649
468.328,-0.03445,0.04483,9.80649
468.353,-0.03445,0.04483,9.80649
468.375,-0.03445,0.04483,9.80649
468.386,-0.03445,0.04483,9.80649
468.406,-0.03445,0.04483,9.80649
468.426,-0.03447,0.04473,9.80649
468.447,-0.03447,0.04473,9.80649
468.465,-0.03447,0.04473,9.80649
468.485,-0.03447,0.04473,9.80649
468.507,-0.03447,0.04473,9.80649
468.526,-0.03447,0.04473,9.80649
468.548,-0.03447,0.04473,9.80649
468.570,-0.03447,0.04473,9.80649
468.586,-0.03447,0.04473,9.80649
468.606,-0.03447,0.04473,9.80649
468.626,-0.03447,0.04473,9.80649
468.648,-0.03447,0.04473,9.80649
468.669,-0.03447,0.04473,9.80649
468.686,-0.03447,0.04473,9.80649
468.706,-0.03447,0.04473,9.80649
468.726,-0.03447,0.04473,9.80649
468.746,-0.03447,0.04473,9.80649
468.765,-0.03447,0.04473,9.80649
468.785,-0.03447,0.04473,9.80649
468.806,-0.03447,0.04473,9.80649
468.827,-0.03447,0.04473,9.80649
468.848,-0.03447,0.04473,9.80649
468.866,-0.03447,0.04473,9.80649
468.885,-0.03447,0.04473,9.80649
468.906,-0.03447,0.04473,9.80649
468.935,-0.03447,0.04473,9.80649
468.949,-0.03447,0.04473,9.80649
468.966,-0.03447,0.04473,9.80649
468.986,-0.03447,0.04473,9.80649
469.006,-0.03447,0.04473,9.80649
469.026,-0.03447,0.04473,9.80649
469.048,-0.03447,0.04473,9.80649
469.065,-0.03447,0.04473,9.80649
469.085,-0.03456,0.04478,9.80649
469.106,-0.03456,0.04478,9.80649
469.125,-0.03456,0.04478,9.80649
469.151,-0.03456,0.04478,9.80649
469.166,-0.03456,0.04478,9.80649
469.186,-0.03456,0.04478,9.80649
469.205,-0.03456,0.04478,9.80649
469.226,-0.03456,0.04478,9.80649
469.249,-0.03456,0.04478,9.80649
469.266,-0.03456,0.04478,9.80649
469.286,-0.03456,0.04478,9.80649
469.306,-0.03456,0.04478,9.80649
469.325,-0.03456,0.04478,9.80649
469.346,-0.03456,0.04478,9.80649
469.366,-0.03456,0.04478,9.80649
469.386,-0.03456,0.04478,9.80649
469.406,-0.03456,0.04478,9.80649
469.425,-0.03456,0.04478,9.80649
469.445,-0.03456,0.04478,9.80649
469.466,-0.03456,0.04478,9.80649
469.486,-0.03463,0.04470,9.80649
470.698,-0.03477,0.04472,9.80649
471.190,-0.03475,0.04486,9.80649
471.220,-0.03455,0.04492,9.80649
471.276,-0.03446,0.04487,9.80649
471.302,-0.03446,0.04487,9.80649
471.320,-0.03446,0.04487,9.80649
471.337,-0.03446,0.04487,9.80649
471.355,-0.03446,0.04487,9.80649
471.375,-0.03446,0.04487,9.80649
471.395,-0.03446,0.04487,9.80649
471.416,-0.03446,0.04487,9.80649
471.436,-0.03446,0.04487,9.80649
471.455,-0.03446,0.04487,9.80649
471.476,-0.03446,0.04487,9.80649
471.495,-0.03446,0.04487,9.80649
471.519,-0.03446,0.04487,9.80649
471.536,-0.03446,0.04487,9.80649
471.555,-0.03446,0.04487,9.80649
471.576,-0.03446,0.04487,9.80649
471.596,-0.03446,0.04487,9.80649
471.616,-0.03446,0.04487,9.80649
471.642,-0.03446,0.04487,9.80649
471.659,-0.03446,0.04487,9.80649
471.675,-0.03446,0.04487,9.80649
471.703,-0.03446,0.04487,9.80649
471.715,-0.03446,0.04487,9.80649
471.736,-0.03446,0.04487,9.80649
471.755,-0.03446,0.04487,9.80649
471.775,-0.03446,0.04487,9.80649
471.795,-0.03446,0.04487,9.80649
471.819,-0.03446,0.04487,9.80649
471.835,-0.03446,0.04487,9.80649
471.855,-0.03446,0.04487,9.80649
471.875,-0.03446,0.04487,9.80649
471.902,-0.03446,0.04487,9.80649
471.921,-0.03446,0.04487,9.80649
471.938,-0.03446,0.04487,9.80649
471.955,-0.03446,0.04487,9.80649
471.976,-0.03446,0.04487,9.80649
471.997,-0.03446,0.04487,9.80649
472.015,-0.03446,0.04487,9.80649
472.035,-0.03446,0.04487,9.80649
472.055,-0.03446,0.04487,9.80649
472.075,-0.03446,0.04487,9.80649
472.095,-0.03446,0.04487,9.80649
472.118,-0.03446,0.04487,9.80649
472.135,-0.03446,0.04487,9.80649
472.155,-0.03446,0.04487,9.80649
472.176,-0.03446,0.04487,9.80649
472.266,-0.03449,0.04497,9.80649
472.267,-0.03467,0.04508,9.80649
472.267,-0.03476,0.04514,9.80648
472.347,-0.03470,0.04503,9.80649
472.570,-0.03461,0.04509,9.80649
472.687,-0.03452,0.04512,9.80649
473.267,-0.03450,0.04522,9.80649
473.560,-0.03448,0.04533,9.80649
473.740,-0.03437,0.04531,9.80649
474.287,-0.03446,0.04535,9.80649
474.408,-0.03458,0.04537,9.80648
474.428,-0.03479,0.04541,9.80648
474.453,-0.03502,0.04547,9.80648
474.465,-0.03525,0.04551,9.80648
474.495,-0.03530,0.04558,9.80648
474.897,-0.03544,0.04560,9.80648
474.937,-0.03550,0.04551,9.80648
474.957,-0.03571,0.04543,9.80648
474.976,-0.03584,0.04541,9.80648
474.995,-0.03610,0.04537,9.80648
475.021,-0.03631,0.04537,9.80648
475.278,-0.03649,0.04532,9.80648
475.528,-0.03653,0.04521,9.80648
475.552,-0.03659,0.04502,9.80648
476.078,-0.03668,0.04509,9.80648
476.388,-0.03676,0.04517,9.80648
476.436,-0.03688,0.04539,9.80648
476.486,-0.03690,0.04551,9.80648
476.947,-0.03697,0.04557,9.80647
476.966,-0.03709,0.04573,9.80647
476.985,-0.03713,0.04584,9.80647
477.520,-0.03713,0.04596,9.80647
477.554,-0.03709,0.04615,9.80647
477.730,-0.03714,0.04624,9.80647
477.859,-0.03723,0.04630,9.80647
478.100,-0.03732,0.04647,9.80647
478.119,-0.03738,0.04670,9.80647
478.146,-0.03744,0.04694,9.80647
478.173,-0.03746,0.04716,9.80647
480.410,-0.03758,0.04718,9.80647
480.930,-0.03767,0.04712,9.80646
480.956,-0.03788,0.04707,9.80646
481.220,-0.03786,0.04717,9.80646
483.230,-0.03784,0.04717,9.80646
483.256,-0.03789,0.04709,9.80646
484.639,-0.03796,0.04692,9.80647
484.960,-0.03784,0.04692,9.80647
484.979,-0.03756,0.04694,9.80647
484.998,-0.03735,0.04686,9.80647
485.026,-0.03725,0.04684,9.80647
486.100,-0.03716,0.04679,9.80647
486.146,-0.03712,0.04670,9.80647
486.339,-0.03702,0.04668,9.80647
486.376,-0.03694,0.04665,9.80647
486.400,-0.03669,0.04664,9.80647
486.416,-0.03649,0.04663,9.80647
486.436,-0.03639,0.04663,9.80647
486.457,-0.03620,0.04656,9.80647
486.475,-0.03598,0.04652,9.80647
486.506,-0.03575,0.04650,9.80647
486.525,-0.03552,0.04652,9.80648
486.639,-0.03552,0.04662,9.80647
486.679,-0.03557,0.04671,9.80647
488.100,-0.03566,0.04666,9.80647
488.155,-0.03573,0.04658,9.80647
488.205,-0.03592,0.04651,9.80647
488.470,-0.03602,0.04655,9.80647
488.507,-0.03615,0.04657,9.80647
488.525,-0.03640,0.04653,9.80647
488.549,-0.03666,0.04644,9.80647
488.565,-0.03686,0.04643,9.80647
492.571,-0.03690,0.04636,9.80647
492.872,-0.03683,0.04617,9.80647
492.936,-0.03697,0.04607,9.80647
492.956,-0.03719,0.04603,9.80647
494.950,-0.03731,0.04593,9.80647
494.980,-0.03733,0.04571,9.80647
495.310,-0.03729,0.04562,9.80647
496.112,-0.03719,0.04561,9.80647
496.138,-0.03699,0.04571,9.80647
496.164,-0.03677,0.04581,9.80647
496.175,-0.03667,0.04580,9.80647
496.990,-0.03656,0.04584,9.80647
497.017,-0.03633,0.04590,9.80648
497.027,-0.03614,0.04598,9.80648
497.830,-0.03625,0.04594,9.80648
497.849,-0.03646,0.04586,9.80647
499.390,-0.03634,0.04588,9.80648
499.420,-0.03614,0.04596,9.80648
499.690,-0.03604,0.04595,9.80648
499.720,-0.03583,0.04589,9.80648
499.744,-0.03566,0.04574,9.80648
500.110,-0.03557,0.04578,9.80648
500.239,-0.03547,0.04575,9.80648
500.270,-0.03524,0.04573,9.80648
500.908,-0.03512,0.04559,9.80648
500.935,-0.03511,0.04540,9.80648
501.408,-0.03514,0.04527,9.80648
501.436,-0.03524,0.04526,9.80648
504.550,-0.03533,0.04532,9.80648
504.574,-0.03546,0.04550,9.80648
505.440,-0.03535,0.04545,9.80648
505.481,-0.03526,0.04547,9.80648
505.506,-0.03503,0.04555,9.80648
505.610,-0.03493,0.04555,9.80648
505.641,-0.03469,0.04555,9.80648
505.675,-0.03448,0.04561,9.80648
507.140,-0.03433,0.04553,9.80649
507.420,-0.03443,0.04552,9.80648
507.469,-0.03453,0.04554,9.80648
507.498,-0.03464,0.04556,9.80648
507.630,-0.03476,0.04556,9.80648
508.180,-0.03487,0.04554,9.80648
508.215,-0.03507,0.04554,9.80648
508.217,-0.03530,0.04558,9.80648
508.657,-0.03540,0.04563,9.80648
509.230,-0.03557,0.04556,9.80648
509.257,-0.03568,0.04536,9.80648
509.292,-0.03583,0.04521,9.80648
509.640,-0.03592,0.04516,9.80648
509.661,-0.03616,0.04506,9.80648
509.706,-0.03632,0.04493,9.80648
509.726,-0.03647,0.04478,9.80648
513.040,-0.03635,0.04478,9.80648
513.169,-0.03642,0.04469,9.80648
513.650,-0.03650,0.04450,9.80648
514.930,-0.03649,0.04430,9.80648
514.951,-0.03641,0.04422,9.80648
514.967,-0.03630,0.04404,9.80648
515.840,-0.03621,0.04409,9.80648
516.660,-0.03623,0.04419,9.80648
516.682,-0.03623,0.04443,9.80648
519.739,-0.03614,0.04446,9.80648
520.700,-0.03624,0.04445,9.80648
520.737,-0.03647,0.04441,9.80648
520.737,-0.03677,0.04441,9.80648
520.772,-0.03705,0.04443,9.80648
521.921,-0.03713,0.04453,9.80648
521.951,-0.03702,0.04471,9.80648
521.989,-0.03693,0.04490,9.80648
522.338,-0.03696,0.04508,9.80648
522.359,-0.03715,0.04524,9.80648
522.387,-0.03735,0.04537,9.80647
522.396,-0.03752,0.04552,9.80647
522.436,-0.03761,0.04558,9.80647
525.571,-0.03763,0.04548,9.80647
525.920,-0.03752,0.04534,9.80647
526.426,-0.03760,0.04542,9.80647
526.780,-0.03768,0.04531,9.80647
526.876,-0.03759,0.04527,9.80647
526.976,-0.03754,0.04518,9.80647
528.340,-0.03754,0.04508,9.80647
531.037,-0.03747,0.04517,9.80647
531.165,-0.03734,0.04531,9.80647
531.331,-0.03718,0.04544,9.80647
532.292,-0.03724,0.04553,9.80647
535.651,-0.03720,0.04563,9.80647
536.730,-0.03701,0.04573,9.80647
537.070,-0.03696,0.04564,9.80647
537.147,-0.03686,0.04565,9.80647
537.229,-0.03679,0.04557,9.80648
537.287,-0.03664,0.04541,9.80648
537.797,-0.03662,0.04531,9.80648
538.700,-0.03653,0.04525,9.80648
538.730,-0.03643,0.04523,9.80648
539.870,-0.03639,0.04512,9.80648
542.351,-0.03641,0.04523,9.80648
542.469,-0.03640,0.04541,9.80648
542.489,-0.03627,0.04556,9.80648
542.511,-0.03611,0.04570,9.80648
542.690,-0.03602,0.04574,9.80648
542.722,-0.03593,0.04577,9.80648
544.510,-0.03582,0.04575,9.80648
545.960,-0.03580,0.04584,9.80648
546.037,-0.03575,0.04592,9.80648
547.036,-0.03566,0.04598,9.80648
547.291,-0.03555,0.04602,9.80648
547.630,-0.03561,0.04613,9.80648
547.820,-0.03570,0.04605,9.80648
548.200,-0.03575,0.04614,9.80648
548.230,-0.03583,0.04635,9.80648
548.871,-0.03589,0.04636,9.80647
548.890,-0.03595,0.04615,9.80648
549.110,-0.03585,0.04613,9.80648
549.490,-0.03579,0.04600,9.80648
550.017,-0.03566,0.04598,9.80648
550.037,-0.03548,0.04583,9.80648
550.055,-0.03532,0.04560,9.80648
550.076,-0.03520,0.04536,9.80648
550.096,-0.03516,0.04527,9.80648
550.850,-0.03514,0.04515,9.80648
550.876,-0.03513,0.04494,9.80649
551.951,-0.03516,0.04503,9.80648
551.980,-0.03518,0.04513,9.80648
555.701,-0.03533,0.04520,9.80648
556.371,-0.03528,0.04511,9.80648
557.580,-0.03537,0.04507,9.80648
557.613,-0.03543,0.04498,9.80648
557.911,-0.03552,0.04491,9.80648
557.939,-0.03571,0.04478,9.80648
557.947,-0.03584,0.04459,9.80648
558.597,-0.03577,0.04443,9.80648
558.656,-0.03572,0.04434,9.80649
558.676,-0.03555,0.04415,9.80649
558.696,-0.03539,0.04394,9.80649
558.716,-0.03521,0.04381,9.80649
559.780,-0.03530,0.04377,9.80649
559.799,-0.03530,0.04377,9.80649
559.817,-0.03530,0.04377,9.80649
559.836,-0.03530,0.04377,9.80649
559.855,-0.03530,0.04377,9.80649
559.876,-0.03530,0.04377,9.80649
559.897,-0.03530,0.04377,9.80649
559.916,-0.03530,0.04377,9.80649
559.935,-0.03530,0.04377,9.80649
559.955,-0.03530,0.04377,9.80649
559.976,-0.03530,0.04377,9.80649
559.996,-0.03530,0.04377,9.80649
560.016,-0.03530,0.04377,9.80649
560.036,-0.03530,0.04377,9.80649
560.056,-0.03530,0.04377,9.80649
560.077,-0.03530,0.04377,9.80649
560.096,-0.03530,0.04377,9.80649
560.115,-0.03530,0.04377,9.80649
560.136,-0.03530,0.04377,9.80649
560.160,-0.03530,0.04377,9.80649
560.176,-0.03530,0.04377,9.80649
560.196,-0.03530,0.04377,9.80649
560.219,-0.03530,0.04377,9.80649
560.235,-0.03530,0.04377,9.80649
560.260,-0.03530,0.04377,9.80649
560.275,-0.03530,0.04377,9.80649
560.296,-0.03530,0.04377,9.80649
560.316,-0.03530,0.04377,9.80649
560.336,-0.03530,0.04377,9.80649
560.357,-0.03530,0.04377,9.80649
560.377,-0.03530,0.04377,9.80649
560.396,-0.03530,0.04377,9.80649
560.416,-0.03542,0.04397,9.80649
560.900,-0.03544,0.04409,9.80649
561.850,-0.03555,0.04427,9.80649
561.869,-0.03575,0.04441,9.80648
562.479,-0.03584,0.04446,9.80648
565.160,-0.03604,0.04448,9.80648
566.720,-0.03602,0.04460,9.80648
567.569,-0.03600,0.04449,9.80648
568.291,-0.03591,0.04430,9.80648
568.386,-0.03582,0.04436,9.80649
568.407,-0.03560,0.04448,9.80649
568.968,-0.03553,0.04439,9.80649
570.371,-0.03548,0.04422,9.80649
570.790,-0.03548,0.04432,9.80649
572.280,-0.03541,0.04425,9.80649
572.307,-0.03521,0.04407,9.80649
572.327,-0.03514,0.04400,9.80649
572.350,-0.03514,0.04400,9.80649
572.367,-0.03514,0.04400,9.80649
572.386,-0.03514,0.04400,9.80649
572.406,-0.03514,0.04400,9.80649
572.427,-0.03514,0.04400,9.80649
572.447,-0.03513,0.04390,9.80649
572.466,-0.03512,0.04364,9.80649
572.496,-0.03510,0.04355,9.80649
572.517,-0.03502,0.04350,9.80649
574.248,-0.03504,0.04338,9.80649
574.718,-0.03490,0.04330,9.80649
574.752,-0.03479,0.04332,9.80649
575.761,-0.03457,0.04332,9.80649
575.796,-0.03435,0.04332,9.80649
576.881,-0.03430,0.04341,9.80649
577.310,-0.03441,0.04343,9.80649
577.611,-0.03467,0.04348,9.80649
577.634,-0.03487,0.04359,9.80649
578.288,-0.03485,0.04347,9.80649
578.337,-0.03476,0.04331,9.80649
579.872,-0.03485,0.04333,9.80649
579.922,-0.03505,0.04336,9.80649
579.947,-0.03516,0.04340,9.80649
581.540,-0.03527,0.04350,9.80649
583.151,-0.03518,0.04341,9.80649
584.551,-0.03514,0.04350,9.80649
585.451,-0.03518,0.04341,9.80649
585.800,-0.03525,0.04348,9.80649
586.270,-0.03535,0.04348,9.80649
587.690,-0.03537,0.04360,9.80649
587.713,-0.03542,0.04367,9.80649
587.743,-0.03560,0.04386,9.80649
588.001,-0.03563,0.04395,9.80649
588.056,-0.03570,0.04402,9.80649
588.246,-0.03581,0.04404,9.80649
588.431,-0.03585,0.04394,9.80649
589.239,-0.03594,0.04398,9.80649
589.256,-0.03617,0.04406,9.80649
589.420,-0.03626,0.04422,9.80648
589.940,-0.03614,0.04426,9.80648
589.962,-0.03607,0.04430,9.80648
589.995,-0.03607,0.04430,9.80648
589.996,-0.03607,0.04430,9.80648
590.016,-0.03607,0.04430,9.80648
590.036,-0.03607,0.04430,9.80648
590.056,-0.03607,0.04430,9.80648
590.081,-0.03607,0.04430,9.80648
590.095,-0.03607,0.04430,9.80648
590.117,-0.03607,0.04430,9.80648
590.136,-0.03607,0.04430,9.80648
590.156,-0.03607,0.04430,9.80648
590.182,-0.03607,0.04430,9.80648
590.195,-0.03607,0.04430,9.80648
590.217,-0.03607,0.04430,9.80648
590.236,-0.03607,0.04430,9.80648
590.256,-0.03607,0.04430,9.80648
590.277,-0.03607,0.04430,9.80648
590.297,-0.03607,0.04430,9.80648
590.316,-0.03607,0.04430,9.80648
590.336,-0.03607,0.04430,9.80648
590.356,-0.03607,0.04430,9.80648
590.382,-0.03607,0.04430,9.80648
590.397,-0.03607,0.04430,9.80648
590.416,-0.03607,0.04430,9.80648
590.436,-0.03607,0.04430,9.80648
590.457,-0.03607,0.04430,9.80648
590.481,-0.03607,0.04430,9.80648
590.497,-0.03607,0.04430,9.80648
590.517,-0.03607,0.04430,9.80648
590.536,-0.03607,0.04430,9.80648
590.557,-0.03607,0.04430,9.80648
590.576,-0.03607,0.04430,9.80648
590.597,-0.03607,0.04430,9.80648
590.616,-0.03607,0.04430,9.80648
590.636,-0.03607,0.04430,9.80648
590.656,-0.03607,0.04430,9.80648
590.681,-0.03607,0.04430,9.80648
590.695,-0.03607,0.04430,9.80648
590.716,-0.03607,0.04430,9.80648
590.736,-0.03607,0.04430,9.80648
590.756,-0.03607,0.04430,9.80648
590.781,-0.03607,0.04430,9.80648
590.800,-0.03607,0.04430,9.80648
590.816,-0.03607,0.04430,9.80648
590.836,-0.03607,0.04430,9.80648
590.856,-0.03607,0.04430,9.80648
590.881,-0.03607,0.04430,9.80648
590.898,-0.03607,0.04430,9.80648
590.916,-0.03607,0.04430,9.80648
590.937,-0.03607,0.04430,9.80648
590.956,-0.03607,0.04430,9.80648
590.982,-0.03607,0.04430,9.80648
590.996,-0.03607,0.04430,9.80648
591.016,-0.03607,0.04430,9.80648
591.036,-0.03607,0.04430,9.80648
591.056,-0.03607,0.04430,9.80648
591.083,-0.03607,0.04430,9.80648
591.100,-0.03607,0.04430,9.80648
591.116,-0.03607,0.04430,9.80648
591.136,-0.03607,0.04430,9.80648
591.156,-0.03607,0.04430,9.80648
591.176,-0.03607,0.04430,9.80648
591.199,-0.03607,0.04430,9.80648
591.216,-0.03607,0.04430,9.80648
591.236,-0.03607,0.04430,9.80648
591.256,-0.03607,0.04430,9.80648
591.283,-0.03607,0.04430,9.80648
591.300,-0.03607,0.04430,9.80648
591.318,-0.03607,0.04430,9.80648
591.336,-0.03607,0.04430,9.80648
591.357,-0.03607,0.04430,9.80648
591.376,-0.03607,0.04430,9.80648
591.401,-0.03607,0.04430,9.80648
591.416,-0.03607,0.04430,9.80648
591.436,-0.03607,0.04430,9.80648
591.457,-0.03607,0.04430,9.80648
591.476,-0.03607,0.04430,9.80648
591.500,-0.03607,0.04430,9.80648
591.516,-0.03607,0.04430,9.80648
591.536,-0.03607,0.04430,9.80648
591.556,-0.03607,0.04430,9.80648
591.576,-0.03607,0.04430,9.80648
591.598,-0.03607,0.04430,9.80648
591.615,-0.03607,0.04430,9.80648
591.636,-0.03607,0.04430,9.80648
591.657,-0.03607,0.04430,9.80648
591.676,-0.03607,0.04430,9.80648
591.700,-0.03607,0.04430,9.80648
591.716,-0.03607,0.04430,9.80648
591.736,-0.03607,0.04430,9.80648
591.756,-0.03607,0.04430,9.80648
591.776,-0.03607,0.04430,9.80648
591.800,-0.03607,0.04430,9.80648
591.816,-0.03607,0.04430,9.80648
591.835,-0.03607,0.04430,9.80648
591.856,-0.03607,0.04430,9.80648
591.915,-0.03607,0.04430,9.80648
591.915,-0.03607,0.04430,9.80648
591.915,-0.03607,0.04430,9.80648
591.935,-0.03607,0.04430,9.80648
591.956,-0.03607,0.04430,9.80648
591.975,-0.03607,0.04430,9.80648
592.001,-0.03607,0.04430,9.80648
592.017,-0.03607,0.04430,9.80648
592.036,-0.03607,0.04430,9.80648
592.057,-0.03607,0.04430,9.80648
592.075,-0.03607,0.04430,9.80648
592.102,-0.03607,0.04430,9.80648
592.118,-0.03607,0.04430,9.80648
592.136,-0.03607,0.04430,9.80648
592.157,-0.03607,0.04430,9.80648
592.177,-0.03607,0.04430,9.80648
592.201,-0.03607,0.04430,9.80648
592.217,-0.03607,0.04430,9.80648
592.236,-0.03607,0.04430,9.80648
592.256,-0.03607,0.04430,9.80648
592.276,-0.03607,0.04430,9.80648
592.302,-0.03607,0.04430,9.80648
592.316,-0.03607,0.04430,9.80648
592.337,-0.03607,0.04430,9.80648
592.357,-0.03607,0.04430,9.80648
592.377,-0.03607,0.04430,9.80648
592.402,-0.03607,0.04430,9.80648
592.418,-0.03607,0.04430,9.80648
592.436,-0.03607,0.04430,9.80648
592.457,-0.03607,0.04430,9.80648
592.476,-0.03607,0.04430,9.80648
592.504,-0.03607,0.04430,9.80648
592.516,-0.03607,0.04430,9.80648
592.536,-0.03607,0.04430,9.80648
592.556,-0.03607,0.04430,9.80648
592.576,-0.03607,0.04430,9.80648
592.603,-0.03607,0.04430,9.80648
592.616,-0.03607,0.04430,9.80648
592.636,-0.03607,0.04430,9.80648
592.656,-0.03607,0.04430,9.80648
592.676,-0.03607,0.04430,9.80648
592.696,-0.03607,0.04430,9.80648
592.719,-0.03607,0.04430,9.80648
592.735,-0.03607,0.04430,9.80648
592.756,-0.03607,0.04430,9.80648
592.776,-0.03607,0.04430,9.80648
592.796,-0.03607,0.04430,9.80648
592.819,-0.03607,0.04430,9.80648
592.836,-0.03607,0.04430,9.80648
592.856,-0.03607,0.04430,9.80648
592.876,-0.03607,0.04430,9.80648
592.903,-0.03607,0.04430,9.80648
592.916,-0.03607,0.04430,9.80648
592.936,-0.03607,0.04430,9.80648
592.956,-0.03607,0.04430,9.80648
592.976,-0.03607,0.04430,9.80648
593.003,-0.03607,0.04430,9.80648
593.016,-0.03607,0.04430,9.80648
593.038,-0.03607,0.04430,9.80648
593.060,-0.03607,0.04430,9.80648
593.075,-0.03607,0.04430,9.80648
593.100,-0.03607,0.04430,9.80648
593.116,-0.03607,0.04430,9.80648
593.135,-0.03607,0.04430,9.80648
593.156,-0.03607,0.04430,9.80648
593.176,-0.03607,0.04430,9.80648
593.203,-0.03607,0.04430,9.80648
593.220,-0.03607,0.04430,9.80648
593.235,-0.03607,0.04430,9.80648
593.257,-0.03607,0.04430,9.80648
593.276,-0.03607,0.04430,9.80648
593.303,-0.03607,0.04430,9.80648
593.320,-0.03607,0.04430,9.80648
593.336,-0.03607,0.04430,9.80648
593.357,-0.03607,0.04430,9.80648
593.376,-0.03607,0.04430,9.80648
593.403,-0.03607,0.04430,9.80648
593.421,-0.03607,0.04430,9.80648
593.438,-0.03607,0.04430,9.80648
593.456,-0.03607,0.04430,9.80648
593.476,-0.03607,0.04430,9.80648
593.507,-0.03607,0.04430,9.80648
593.516,-0.03607,0.04430,9.80648
593.536,-0.03607,0.04430,9.80648
593.556,-0.03607,0.04430,9.80648
593.576,-0.03607,0.04430,9.80648
593.607,-0.03607,0.04430,9.80648
593.623,-0.03607,0.04430,9.80648
593.636,-0.03607,0.04430,9.80648
593.656,-0.03607,0.04430,9.80648
593.676,-0.03607,0.04430,9.80648
593.704,-0.03607,0.04430,9.80648
593.716,-0.03607,0.04430,9.80648
593.737,-0.03607,0.04430,9.80648
593.756,-0.03607,0.04430,9.80648
593.776,-0.03607,0.04430,9.80648
593.812,-0.03607,0.04430,9.80648
593.816,-0.03607,0.04430,9.80648
593.837,-0.03607,0.04430,9.80648
593.857,-0.03607,0.04430,9.80648
593.876,-0.03607,0.04430,9.80648
593.907,-0.03599,0.04439,9.80648
593.916,-0.03594,0.04448,9.80648
594.678,-0.03581,0.04462,9.80648
596.261,-0.03561,0.04465,9.80648
596.326,-0.03552,0.04467,9.80648
596.880,-0.03561,0.04463,9.80648
596.936,-0.03577,0.04451,9.80648
597.581,-0.03570,0.04458,9.80648
597.940,-0.03559,0.04464,9.80648
597.964,-0.03550,0.04469,9.80648
599.941,-0.03559,0.04462,9.80648
600.006,-0.03549,0.04453,9.80649
600.087,-0.03541,0.04461,9.80649
600.538,-0.03551,0.04463,9.80649
600.790,-0.03560,0.04456,9.80648
600.824,-0.03577,0.04443,9.80648
600.845,-0.03589,0.04443,9.80648
600.860,-0.03613,0.04439,9.80648
600.877,-0.03622,0.04437,9.80648
602.389,-0.03617,0.04430,9.80648
603.338,-0.03613,0.04419,9.80648
604.028,-0.03602,0.04424,9.80648
604.689,-0.03593,0.04420,9.80649
605.409,-0.03598,0.04411,9.80649
605.537,-0.03592,0.04402,9.80649
605.567,-0.03587,0.04393,9.80649
607.216,-0.03581,0.04404,9.80649
607.246,-0.03568,0.04422,9.80649
607.499,-0.03581,0.04426,9.80649
607.517,-0.03601,0.04427,9.80648
607.548,-0.03611,0.04429,9.80648
607.989,-0.03615,0.04418,9.80648
608.009,-0.03622,0.04411,9.80648
608.419,-0.03622,0.04401,9.80649
609.399,-0.03624,0.04391,9.80649
610.689,-0.03615,0.04386,9.80649
610.726,-0.03605,0.04382,9.80649
612.150,-0.03615,0.04386,9.80649
612.669,-0.03620,0.04378,9.80649
612.694,-0.03629,0.04360,9.80649
613.710,-0.03620,0.04368,9.80649
614.771,-0.03602,0.04369,9.80649
615.940,-0.03581,0.04362,9.80649
617.270,-0.03565,0.04357,9.80649
617.838,-0.03556,0.04351,9.80649
619.021,-0.03547,0.04356,9.80649
621.299,-0.03536,0.04354,9.80649
621.898,-0.03526,0.04354,9.80649
622.040,-0.03530,0.04363,9.80649
622.067,-0.03550,0.04378,9.80649
622.311,-0.03560,0.04376,9.80649
622.521,-0.03566,0.04367,9.80649
622.712,-0.03575,0.04373,9.80649
622.767,-0.03590,0.04391,9.80649
625.533,-0.03599,0.04409,9.80649
626.129,-0.03590,0.04403,9.80649
626.154,-0.03574,0.04390,9.80649
627.141,-0.03576,0.04399,9.80649
627.340,-0.03567,0.04405,9.80649
628.181,-0.03553,0.04403,9.80649
628.233,-0.03549,0.04394,9.80649
628.247,-0.03545,0.04383,9.80649
628.266,-0.03536,0.04362,9.80649
628.287,-0.03522,0.04341,9.80649
628.307,-0.03518,0.04330,9.80649
628.468,-0.03518,0.04318,9.80649
629.201,-0.03523,0.04327,9.80649
630.590,-0.03523,0.04327,9.80649
633.460,-0.03528,0.04318,9.80649
634.961,-0.03531,0.04315,9.80649
636.201,-0.03527,0.04326,9.80649
